epoch,time,train/box_loss,train/cls_loss,train/dfl_loss,metrics/precision(B),metrics/recall(B),metrics/mAP50(B),metrics/mAP50-95(B),val/box_loss,val/cls_loss,val/dfl_loss,lr/pg0,lr/pg1,lr/pg2
1,172.366,1.51195,1.79998,1.74787,0.23113,0.21803,0.15017,0.06421,2.16726,5.29439,2.84612,0.00066358,0.00066358,0.00066358
2,321.315,1.57682,1.81053,1.81206,0.499,0.33861,0.36493,0.20137,1.81093,2.42346,2.11447,0.00131143,0.00131143,0.00131143
3,467.276,1.49366,1.70833,1.74512,0.55516,0.50468,0.52518,0.26578,1.5889,2.89631,1.84233,0.00194043,0.00194043,0.00194043
4,618.739,1.43445,1.60205,1.68616,0.67367,0.55055,0.63096,0.32781,1.51389,1.75307,1.79726,0.00191514,0.00191514,0.00191514
5,770.017,1.38052,1.50152,1.64131,0.67143,0.48356,0.56166,0.23032,1.87275,1.78737,2.04384,0.00188686,0.00188686,0.00188686
6,918.08,1.34788,1.41132,1.60703,0.74517,0.64312,0.73649,0.44189,1.31666,1.44279,1.58613,0.00185857,0.00185857,0.00185857
7,1068.69,1.30195,1.36189,1.56735,0.73427,0.67479,0.7484,0.41232,1.47871,1.30241,1.73401,0.00183029,0.00183029,0.00183029
8,1217.29,1.28227,1.30971,1.56318,0.78343,0.68088,0.76775,0.41472,1.51016,1.19145,1.74077,0.001802,0.001802,0.001802
9,1364.39,1.26699,1.24595,1.54978,0.75813,0.71133,0.78881,0.43342,1.47932,1.15487,1.71291,0.00177371,0.00177371,0.00177371
10,1511.9,1.2342,1.22799,1.51395,0.83036,0.70402,0.80061,0.42501,1.62622,1.12883,1.80205,0.00174543,0.00174543,0.00174543
11,1658.4,1.20123,1.16559,1.49059,0.79199,0.69671,0.78862,0.45337,1.38748,1.09395,1.62084,0.00171714,0.00171714,0.00171714
12,1816.9,1.19104,1.1444,1.48691,0.8201,0.74787,0.82159,0.41477,1.61228,1.0259,1.8341,0.00168886,0.00168886,0.00168886
13,1964.08,1.18233,1.15667,1.4837,0.77951,0.69062,0.76556,0.44796,1.4161,1.18005,1.62648,0.00166057,0.00166057,0.00166057
14,2111.89,1.16767,1.1131,1.47017,0.80051,0.74056,0.81671,0.44464,1.46082,0.99796,1.67965,0.00163229,0.00163229,0.00163229
15,2259.81,1.15286,1.08149,1.45185,0.86612,0.7296,0.83409,0.44272,1.47648,0.99491,1.7127,0.001604,0.001604,0.001604
16,2406.58,1.13924,1.07785,1.44929,0.81952,0.75518,0.83522,0.4859,1.40284,0.9765,1.61244,0.00157571,0.00157571,0.00157571
17,2553.38,1.15034,1.04822,1.45334,0.86328,0.74909,0.84846,0.51588,1.30011,0.92436,1.54595,0.00154743,0.00154743,0.00154743
18,2701.17,1.12294,1.04824,1.4306,0.84988,0.7771,0.85598,0.53832,1.31348,0.89418,1.55421,0.00151914,0.00151914,0.00151914
19,2848.44,1.12365,1.0535,1.44018,0.84601,0.77626,0.84648,0.488,1.37649,0.97918,1.6662,0.00149086,0.00149086,0.00149086
20,2995.35,1.1064,1.026,1.42537,0.83159,0.76127,0.85143,0.54563,1.24773,0.88241,1.48739,0.00146257,0.00146257,0.00146257
21,3143.18,1.09981,0.99897,1.4149,0.80569,0.77588,0.83347,0.48568,1.36365,0.91415,1.62939,0.00143429,0.00143429,0.00143429
22,3291.78,1.0938,1.00236,1.40114,0.88235,0.78562,0.87292,0.53651,1.29365,0.85126,1.55962,0.001406,0.001406,0.001406
23,3440.95,1.09286,0.98144,1.41368,0.88805,0.78563,0.8701,0.58847,1.12348,0.80141,1.41027,0.00137771,0.00137771,0.00137771
24,3589.01,1.08689,0.98324,1.40949,0.84195,0.72594,0.81479,0.46303,1.34104,0.97722,1.59265,0.00134943,0.00134943,0.00134943
25,3738.68,1.07914,0.95835,1.39941,0.85037,0.76127,0.85193,0.51527,1.27265,0.86318,1.51573,0.00132114,0.00132114,0.00132114
26,3885.68,1.09012,0.98559,1.40779,0.87793,0.80596,0.878,0.53421,1.2854,0.83888,1.52875,0.00129286,0.00129286,0.00129286
27,4032.47,1.06569,0.94263,1.39074,0.83219,0.77588,0.84762,0.49446,1.34531,0.87041,1.60983,0.00126457,0.00126457,0.00126457
28,4184.04,1.06906,0.94161,1.39064,0.87956,0.82721,0.88204,0.57942,1.20849,0.77318,1.4936,0.00123629,0.00123629,0.00123629
29,4332.38,1.04436,0.91903,1.36886,0.89667,0.82217,0.88625,0.56894,1.20411,0.74529,1.46689,0.001208,0.001208,0.001208
30,4482.04,1.04697,0.90204,1.36562,0.8713,0.80877,0.88211,0.51807,1.35982,0.80828,1.58097,0.00117971,0.00117971,0.00117971
31,4633.17,1.04582,0.89497,1.36495,0.87443,0.77184,0.86046,0.51829,1.31119,0.83731,1.53926,0.00115143,0.00115143,0.00115143
32,4784.69,1.0325,0.88927,1.35943,0.84156,0.80221,0.86913,0.54722,1.22373,0.8177,1.47148,0.00112314,0.00112314,0.00112314
33,4939.12,1.0575,0.91645,1.38001,0.87318,0.81346,0.8769,0.5823,1.15282,0.7773,1.43109,0.00109486,0.00109486,0.00109486
34,5086.34,1.02904,0.89805,1.36712,0.90892,0.8039,0.89024,0.56627,1.23351,0.74952,1.48605,0.00106657,0.00106657,0.00106657
35,5239.59,1.02079,0.86975,1.34763,0.89345,0.83313,0.8917,0.58935,1.15253,0.74521,1.4099,0.00103829,0.00103829,0.00103829
36,5387.35,1.02313,0.88986,1.35732,0.882,0.82095,0.88627,0.55162,1.22102,0.7611,1.52468,0.00101,0.00101,0.00101
37,5538.83,1.00779,0.84468,1.33791,0.90265,0.81486,0.8896,0.56663,1.2057,0.73507,1.46855,0.000981714,0.000981714,0.000981714
38,5686.4,1.01614,0.85885,1.34147,0.8992,0.79537,0.88772,0.56522,1.22051,0.73359,1.49379,0.000953429,0.000953429,0.000953429
39,5840.06,1.0146,0.85824,1.3445,0.91153,0.8283,0.89696,0.56798,1.22648,0.72904,1.46803,0.000925143,0.000925143,0.000925143
40,5987.97,0.9951,0.85794,1.33313,0.88278,0.84531,0.89543,0.5852,1.16574,0.7188,1.43839,0.000896857,0.000896857,0.000896857
41,6140.99,1.00344,0.82491,1.33075,0.90743,0.80877,0.89226,0.59265,1.13144,0.72382,1.40832,0.000868571,0.000868571,0.000868571
42,6296.23,0.98665,0.82999,1.32775,0.89213,0.85018,0.90711,0.57392,1.23079,0.68584,1.4965,0.000840286,0.000840286,0.000840286
43,6453.16,0.98827,0.81862,1.32832,0.88428,0.84697,0.89817,0.56464,1.20916,0.71989,1.47851,0.000812,0.000812,0.000812
44,6603.54,0.98535,0.82591,1.32452,0.89464,0.84044,0.90052,0.58812,1.15939,0.69416,1.44409,0.000783714,0.000783714,0.000783714
45,6757.72,0.98462,0.81206,1.32912,0.89634,0.84896,0.90308,0.59134,1.15024,0.69999,1.4177,0.000755429,0.000755429,0.000755429
46,6909.85,0.98006,0.78744,1.32411,0.91473,0.82826,0.90524,0.59215,1.11892,0.65011,1.39292,0.000727143,0.000727143,0.000727143
47,7058.13,0.95563,0.7666,1.30333,0.9186,0.81364,0.89771,0.58584,1.1548,0.69897,1.41947,0.000698857,0.000698857,0.000698857
48,7214.4,0.96329,0.77876,1.31188,0.88236,0.85874,0.90171,0.57816,1.19518,0.69356,1.44442,0.000670571,0.000670571,0.000670571
49,7362.66,0.95212,0.76572,1.30828,0.90044,0.83723,0.90713,0.62124,1.08051,0.64815,1.36895,0.000642286,0.000642286,0.000642286
50,7518.12,0.95356,0.76374,1.30638,0.93817,0.83166,0.91023,0.60873,1.11853,0.64777,1.41301,0.000614,0.000614,0.000614
51,7665.88,0.95585,0.75101,1.30163,0.91985,0.85505,0.90925,0.62043,1.08926,0.62673,1.37451,0.000585714,0.000585714,0.000585714
52,7821.47,0.96396,0.76703,1.3139,0.90269,0.85877,0.91011,0.5942,1.13553,0.64993,1.41983,0.000557429,0.000557429,0.000557429
53,7968.94,0.93663,0.7371,1.28822,0.91536,0.85622,0.90933,0.60512,1.11645,0.64398,1.40081,0.000529143,0.000529143,0.000529143
54,8122.97,0.93464,0.7331,1.29349,0.92935,0.84923,0.91138,0.61555,1.09048,0.62495,1.37638,0.000500857,0.000500857,0.000500857
55,8278.91,0.94536,0.7527,1.29641,0.91442,0.83292,0.91198,0.5842,1.16685,0.64051,1.44801,0.000472571,0.000472571,0.000472571
56,8428.34,0.94377,0.74683,1.28969,0.89962,0.85144,0.90644,0.59241,1.15084,0.65591,1.45687,0.000444286,0.000444286,0.000444286
57,8585.89,0.92239,0.71751,1.28457,0.92268,0.85993,0.91317,0.60038,1.13271,0.61437,1.413,0.000416,0.000416,0.000416
58,8733.85,0.92028,0.70511,1.27996,0.90987,0.87298,0.91355,0.62088,1.07137,0.6057,1.34654,0.000387714,0.000387714,0.000387714
59,8887.82,0.92907,0.71759,1.2781,0.93265,0.86018,0.91672,0.62387,1.07614,0.6022,1.36212,0.000359429,0.000359429,0.000359429
60,9038.87,0.90648,0.69236,1.26594,0.9348,0.85572,0.91675,0.61594,1.09054,0.59161,1.38053,0.000331143,0.000331143,0.000331143
61,9194.44,0.82587,0.5505,1.21755,0.92533,0.86037,0.91433,0.61128,1.10024,0.61723,1.36225,0.000302857,0.000302857,0.000302857
62,9342.4,0.81039,0.51479,1.19485,0.91236,0.87492,0.92075,0.61894,1.09252,0.60262,1.36246,0.000274571,0.000274571,0.000274571
63,9493.72,0.8154,0.49706,1.19543,0.92049,0.87429,0.92038,0.63002,1.06813,0.59247,1.33808,0.000246286,0.000246286,0.000246286
64,9643.65,0.79572,0.49792,1.18394,0.91975,0.8655,0.91965,0.61899,1.09463,0.59098,1.35538,0.000218,0.000218,0.000218
65,9790.05,0.80061,0.48445,1.17844,0.9274,0.87089,0.91886,0.63468,1.07122,0.5699,1.33963,0.000189714,0.000189714,0.000189714
66,9943.56,0.79273,0.48651,1.18291,0.92402,0.87454,0.92138,0.6432,1.05898,0.56736,1.32227,0.000161429,0.000161429,0.000161429
67,10097.5,0.78601,0.47992,1.17627,0.92784,0.87576,0.92681,0.6363,1.06091,0.55426,1.32875,0.000133143,0.000133143,0.000133143
68,10254.2,0.78009,0.46911,1.16902,0.91746,0.89403,0.92403,0.66104,1.01077,0.54632,1.28493,0.000104857,0.000104857,0.000104857
69,10403.3,0.77623,0.4614,1.16842,0.93175,0.88134,0.92407,0.66631,1.00774,0.53564,1.27734,7.65714e-05,7.65714e-05,7.65714e-05
70,10567.7,0.76646,0.45156,1.15951,0.93212,0.86975,0.9213,0.66297,0.99679,0.54176,1.26932,4.82857e-05,4.82857e-05,4.82857e-05
